{"cameraMode":{"drawMode":0,"name":"Shaded","section":"Shading Mode"},"sceneLighting":true,"audioPlay":false,"sceneViewState":{"showFog":false,"showMaterialUpdate":true,"showSkybox":true,"showFlares":true,"showImageEffects":true,"showParticleSystems":true,"showVisualEffectGraphs":true,"m_FxEnabled":true},"in2DMode":false,"pivot":{"x":94.63037872314453,"y":311.0914611816406,"z":-18.527252197265626},"rotation":{"x":-0.2242954671382904,"y":0.0005264399223960936,"z":0.00008785506361164153,"w":0.9746431112289429},"size":191.35626220703126,"orthographic":false}