{"cameraMode":{"drawMode":0,"name":"Shaded","section":"Shading Mode"},"sceneLighting":false,"audioPlay":false,"sceneViewState":{"showFog":false,"showMaterialUpdate":true,"showSkybox":false,"showFlares":true,"showImageEffects":true,"showParticleSystems":true},"in2DMode":false,"pivot":{"x":-0.01613163948059082,"y":0.04847487434744835,"z":-7.450580596923828e-9},"rotation":{"x":0.26551687717437746,"y":-0.024246718734502794,"z":0.00684719393029809,"w":0.9638614058494568},"size":0.08337733894586563,"orthographic":false}