{"cameraMode":{"drawMode":0,"name":"Shaded","section":"Shading Mode"},"sceneLighting":true,"audioPlay":false,"sceneViewState":{"showFog":false,"showMaterialUpdate":true,"showSkybox":true,"showFlares":true,"showImageEffects":true,"showParticleSystems":true},"in2DMode":false,"pivot":{"x":6.851126670837402,"y":13.661620140075684,"z":-11.502975463867188},"rotation":{"x":0.20536856353282929,"y":-0.2617279291152954,"z":0.05715876817703247,"w":0.9413710236549377},"size":3.707373857498169,"orthographic":false}