{"cameraMode":{"drawMode":0,"name":"Shaded","section":"Shading Mode"},"sceneLighting":true,"audioPlay":false,"sceneViewState":{"showFog":false,"showMaterialUpdate":true,"showSkybox":true,"showFlares":true,"showImageEffects":true,"showParticleSystems":true},"in2DMode":false,"pivot":{"x":5.404455661773682,"y":9.104324340820313,"z":-6.589308738708496},"rotation":{"x":-0.17569132149219514,"y":0.5280470252037048,"z":-0.11279643326997757,"w":-0.8232799172401428},"size":4.021505355834961,"orthographic":false}